skill,count,hard
python,85,hard
sql,66,hard
machine_learning,59,hard
analysis,43,hard
r,40,hard
statistics,40,hard
cloud_computing,36,hard
communication_skills,22,soft
product,20,soft
deep_learning,19,hard
problemsolving,18,soft
tensorflow,18,hard
pytorch,18,hard
data_analysis,17,hard
frameworks,17,soft
spark,17,hard
solutions,17,soft
algorithms,16,hard
teams,15,soft
insights,15,soft
aws,15,hard
nlp,14,hard
tableau,14,hard
projects,14,
ai,14,hard
cloud,14,hard
software,14,hard
design,13,soft
pandas,13,hard
causal_inference,13,hard
solid,13,soft
deploying,13,hard
platforms,12,
scikitlearn,12,hard
deep,12,
engineering,12,hard
libraries,12,hard
similar,12,
written,12,
regression,11,hard
learning,11,soft
communication,11,soft
machine,11,hard
scale,11,hard
effectively,11,
pipelines,11,hard
andor,11,
expertise,11,
scripting,11,hard
data_visualization,10,hard
communicate,10,soft
science,10,hard
research,10,hard
proven,10,
impact,10,soft
stakeholders,10,soft
designing,10,soft
performance,10,hard
results,10,
big_data,9,hard
actionable,9,
querying,9,hard
hadoop,9,hard
audiences,9,
time,9,
database,9,hard
optimization,8,hard
clustering,8,hard
multiple,8,
nontechnical,8,
power_bi,8,hard
build,8,
developing,8,
applying,8,
ml_models,8,
visualization,8,
version_control,8,
verbal,8,
management,8,
statistical_modeling,8,
modern,8,
analyses,8,
dynamic,8,
expert,7,
high,7,
query,7,
professional,7,
able,7,
continuous,7,
products,7,
engineers,7,
cloud_computing,7,
mindset,7,
clear,7,
principles,7,
another,7,
crossfunctional,7,
numpy,7,
language_models,7,
passion,7,
llms,7,
best_practices,7,
decisions,7,
datasets,7,
project,7,
code,7,
computer,7,
drive,7,
interest,7,
analyzing,7,
learning_models,7,
recommendations,7,
3,7,
networks,7,
classification,6,
following,6,
independently,6,
creative,6,
problem_solving,6,
coding,6,
technology,6,
identify,6,
environments,6,
snowflake,6,
excel,6,
testing,6,
collaborate,6,
deliver,6,
willingness,6,
git,6,
nontechnical_stakeholders,6,
approach,6,
looker,6,
communicating,6,
data_engineering,6,
ab_testing,6,
role,6,
mathematical,6,
mlops,6,
collaborative,6,
attention_to_detail,6,
software_engineering,5,
sas,5,
scientific,5,
intuition,5,
computing,5,
databases,5,
highly,5,
analyze,5,
statistical_analysis,5,
customers,5,
social,5,
software_development,5,
packages,5,
javascript,5,
supervised,5,
experiments,5,
equivalent,5,
platform,5,
realworld,5,
marketing,5,
applications,5,
desire,5,
structures,5,
especially,5,
fastpaced,5,
neural,5,
handson,5,
translate,5,
user,5,
outcomes,5,
experimentation,5,
core,5,
economics,5,
bi,5,
create,5,
develop,5,
data_processing,5,
financial,5,
collaboration,5,
manage,5,
dbt,5,
integration,5,
explain,5,
solving,5,
training,5,
databricks,5,
others,5,
services,5,
ideas,5,
large_datasets,5,
framework,4,
processes,4,
recognition,4,
source,4,
writing,4,
process,4,
google_cloud,4,
natural_language_processing,4,
matlab,4,
leadership,4,
clinical,4,
implement,4,
c,4,
support,4,
fundamentals,4,
test,4,
previous,4,
warehouses,4,
s3,4,
interpersonal,4,
exposure,4,
part,4,
take,4,
exceptional,4,
deployment,4,
java,4,
metrics,4,
text,4,
2,4,
extraction,4,
way,4,
unstructured,4,
skillset,4,
data_mining,4,
practices,4,
hypothesis_testing,4,
series,4,
practical,4,
relationships,4,
company,4,
solve,4,
stack,4,
key,4,
quickly,4,
scientists,4,
monitoring,4,
prototypes,4,
consumer,4,
direct,4,
limited,4,
fluent,4,
get,4,
efficient,4,
forecasting,4,
predictive,4,
effective,4,
orchestration,4,
relational_databases,4,
paced,4,
range,4,
influence,4,
comfortable,4,
experiment,4,
fast,4,
scientist,4,
team_player,4,
building_and,3,
organization,3,
bigquery,3,
find,3,
meaningful,3,
selfstarter,3,
selfdriven,3,
ambiguity,3,
relationship,3,
fluency,3,
keen,3,
culture,3,
academic,3,
managing,3,
processing,3,
information,3,
curious,3,
behavioral,3,
findings,3,
tests,3,
make,3,
comfort,3,
distributed,3,
healthcare,3,
clearly,3,
eagerness,3,
pyspark,3,
needed,3,
structured,3,
unsupervised,3,
approaches,3,
security,3,
setting,3,
insight,3,
delivering,3,
areas,3,
keras,3,
nosql,3,
need,3,
opportunities,3,
pipeline,3,
data_analytics,3,
raw,3,
present,3,
12,3,
well,3,
value,3,
improvements,3,
enjoy,3,
inference,3,
know,3,
questions,3,
marketplace,3,
sharing,3,
linux,3,
markets,3,
big,3,
docker,3,
small,3,
experimental,3,
etl,3,
infrastructure,3,
for_model,3,
along,3,
linear,3,
generation,3,
exploratory,3,
azure,3,
tool,3,
trees,3,
github,3,
airflow,3,
i.e,3,
rpython,3,
decision,3,
architectures,3,
largescale,3,
document,3,
growth,3,
answer_business_questions,3,
differenceindifferences,3,
internship,3,
propensity,3,
initiative,3,
recommendation,3,
score_models,3,
instrumental,3,
variables,3,
syntax,3,
wrangling,3,
strategic,3,
automation,3,
manipulation,3,
tasks,3,
startup,3,
thrive,3,
without,3,
functions,3,
endtoend,3,
things,3,
visualize,3,
deploying_models,3,
time_series_analysis,3,
generative,3,
focus,3,
selfmotivated,3,
used,3,
challenges,3,
active,2,
gpt,2,
creating,2,
accuracy,2,
evaluation,2,
bring,2,
points,2,
unsupervised_learning,2,
teamwork,2,
bar,2,
trends,2,
kafka,2,
scala,2,
tidyverse,2,
1,2,
customer,2,
bayesian,2,
making,2,
nlp_models,2,
prototype,2,
qlikview,2,
live,2,
business_questions,2,
business_intelligence,2,
qualitative,2,
traditional,2,
finetuning,2,
firmware,2,
marketing_analytics,2,
become,2,
saas,2,
fintech,2,
excited,2,
deployed,2,
redshift,2,
utilize,2,
ec2,2,
concise,2,
rapidly,2,
transfer,2,
internal,2,
funnel,2,
d3,2,
timeseries,2,
math,2,
tangible,2,
supporting,2,
implementing,2,
planning,2,
credit,2,
releases,2,
energy,2,
senior,2,
statisticalmathematical,2,
simplifying,2,
right,2,
cicd,2,
publications,2,
data_modeling,2,
strategies,2,
cleaning,2,
driven,2,
prior,2,
apache_spark,2,
levels,2,
validation,2,
identifying,2,
dealing,2,
anomaly,2,
dataflow,2,
essential,2,
problem,2,
firm,2,
xgboost,2,
queries,2,
mysql,2,
vector,2,
biology,2,
convey,2,
detailoriented,2,
organized,2,
write,2,
automate,2,
efficiently,2,
also,2,
audience,2,
dashboards,2,
innovate,2,
whilst,2,
demonstrate,2,
managers,2,
communications,2,
attitude,2,
lead,2,
deadlines,2,
important,2,
task,2,
content,2,
particularly,2,
data_models,2,
unit,2,
relevant,2,
maintaining,2,
reviews,2,
aspects,2,
willing,2,
onthejob,2,
ab,2,
building_predictive_models,2,
evaluate,2,
ways,2,
fundamental,2,
curiosity,2,
intellectual,2,
lakes,2,
interacting,2,
annotation,2,
rshiny,2,
entity,2,
various,2,
quality,2,
direction,2,
and_model,2,
acumen,2,
cs,2,
capabilities,2,
strategy,2,
network,2,
causal,2,
based,2,
available,2,
often,2,
within,2,
challenging,2,
production_systems,2,
soft,2,
artificial_intelligence,2,
general,2,
settings,2,
proactive,2,
sense,2,
feature,2,
help,2,
skilled,2,
fields,2,
economic,2,
concurrent,2,
matplotlib,2,
marketplaces,2,
twosided,2,
engagement,2,
bert,2,
subfields,2,
operations,2,
transformers,2,
great,2,
optimize,2,
train,2,
h2o,2,
useful,2,
applied,2,
reduction,2,
dimensionality,2,
focused,2,
youre,2,
alternative,2,
solution,2,
understands,2,
transformation,2,
experimenting,2,
thirdparty,2,
sources,2,
understand,2,
selection,2,
set,2,
intuitions,2,
address,2,
gradient,2,
guidance,2,
hive,2,
oral,2,
theory,2,
bandits,2,
partnership,2,
scalability,2,
companies,2,
operational,2,
driving,2,
issues,2,
frame,2,
communicates,2,
efforts,2,
recommend,2,
designs,2,
root,2,
internships,2,
4,2,
collaborating,2,
extensive,2,
appropriate,2,
conduct,2,
health,2,
handling,2,
public,2,
capable,2,
warehouse,2,
details,2,
empathy,2,
team_environment,2,
broad,2,
requirements,2,
architecture,2,
excellence,2,
requests,2,
goals,2,
automated,2,
minimum,2,
amplitude,2,
distributed_systems,2,
ambiguous,2,
needs,2,
postgresql,2,
api,2,
building_data,2,
preparation,2,
reports,2,
linuxunix,2,
latest,2,
system,2,
reduce,2,
love,2,
masters,1,
the_models,1,
expand,1,
gcp,1,
undergraduate,1,
excels,1,
pays,1,
cloudbased,1,
jupyter,1,
biostatistics,1,
compute,1,
molecular,1,
biopython,1,
notebook,1,
specialized,1,
presentations,1,
navient,1,
lab,1,
epidemiology,1,
relational,1,
stakeholder,1,
types,1,
supervisedunsupervised,1,
classificationregression,1,
rl,1,
enjoys,1,
descriptive,1,
learningnn,1,
associated,1,
gained,1,
popular,1,
benchling,1,
laboratory,1,
surveys,1,
lims,1,
throughput,1,
articulate,1,
showcasing,1,
claims,1,
merging,1,
storage,1,
drafts,1,
underwriting,1,
policies,1,
statsmodel,1,
caret,1,
outcomesoriented,1,
cuda,1,
simply,1,
standardize,1,
stata,1,
tensorrt,1,
mcmc,1,
addressing,1,
face,1,
manner,1,
inefficiencies,1,
particular,1,
simulation_modeling,1,
qualifications,1,
24,1,
financial_modeling,1,
toward,1,
professionals,1,
seq2seq_models,1,
metabase,1,
kubernetes,1,
desirable,1,
serving,1,
aggregate,1,
nvidia,1,
strongly,1,
would,1,
learning_model,1,
tableauquicksightpower,1,
paying,1,
owning,1,
ctes,1,
applicable,1,
much,1,
presto,1,
window,1,
package,1,
judgment,1,
selfstarting,1,
scipy,1,
ehrs,1,
eligibility,1,
insurance,1,
transformer,1,
aptitude,1,
pythonsklearnpytorch,1,
practice,1,
ingest,1,
described,1,
visual,1,
unstructured_data,1,
scalable,1,
literature,1,
ideation,1,
publication,1,
aggregation,1,
passionate,1,
hql,1,
growthoriented,1,
commonly,1,
dataset,1,
building_statistical,1,
data_cleaning,1,
capacity,1,
fostering,1,
widely,1,
regression_analysis,1,
detection,1,
neural_network,1,
distinctive,1,
learningml,1,
publicly,1,
earnest,1,
stories,1,
extract,1,
exploratoryvisual,1,
providers,1,
tell,1,
disaggregate,1,
lifecycle,1,
causes,1,
resultdriven,1,
achievers,1,
leaders,1,
inspire,1,
true,1,
followership,1,
consumption,1,
existing,1,
transform,1,
people,1,
easytounderstand,1,
teamorientation,1,
probabilistic_models,1,
localization,1,
ai_models,1,
mlbased,1,
improving,1,
databasesdata,1,
established,1,
named,1,
teach,1,
impactfocused,1,
toolsenvironment,1,
eager,1,
engineering_model,1,
jump,1,
nature,1,
forming,1,
trusting,1,
teammates,1,
learning_modeling,1,
saasproductled,1,
building_dashboards,1,
independent,1,
shiny,1,
multitask,1,
language_modelllm,1,
exemplary,1,
builder,1,
coworkers,1,
building_impactful,1,
interpret,1,
opp,1,
data_preprocessing,1,
labeling,1,
35,1,
apply,1,
streamline,1,
nonstandard,1,
advantageous,1,
ecosystem,1,
prioritization,1,
semantics,1,
display,1,
graph,1,
grammar,1,
linguistic,1,
function,1,
productively,1,
mastery,1,
adaptability,1,
teamoriented,1,
hiveand,1,
billers,1,
retail,1,
mining_modeling,1,
evidence,1,
gamechanging,1,
dive,1,
cnns,1,
rnns,1,
ffnns,1,
pattern,1,
predictive_modeling,1,
artificial,1,
intelligencemachine,1,
headfirst,1,
dataintensive,1,
packaged,1,
goods,1,
pick,1,
scaling,1,
researchfocused,1,
always,1,
agricultural,1,
datarelated,1,
powerbi,1,
ensure,1,
bonus,1,
problemsolver,1,
power,1,
datasupported,1,
julia,1,
csuite,1,
nuances,1,
literacy,1,
constantly,1,
day,1,
pushing,1,
higher,1,
per,1,
chemistry,1,
energy_modeling,1,
pursuit,1,
plotly,1,
trillions,1,
north,1,
ggplot2,1,
components,1,
virtual,1,
machines,1,
sagemaker,1,
american,1,
hypervisors,1,
networking,1,
events,1,
combined,1,
impactful,1,
leaderboard,1,
stay,1,
drivers,1,
deriving,1,
event,1,
historical,1,
mine,1,
working_models,1,
iterate,1,
modify,1,
retrieval,1,
inference_modeling,1,
synthesize,1,
compelling,1,
imperfect,1,
timely,1,
keep,1,
narratives,1,
specifications,1,
grammars,1,
level,1,
features,1,
llama,1,
resonate,1,
transformerbased,1,
optimizing,1,
ad,1,
potential,1,
surface,1,
area,1,
breathe,1,
fellow,1,
benefit,1,
perform,1,
investigations,1,
maximize,1,
roi,1,
advertising,1,
ranges,1,
improvement,1,
entirely,1,
coordinate,1,
craft,1,
stateofthe,1,
concrete,1,
intheweeds,1,
art,1,
elevate,1,
classic,1,
sometimes,1,
sparksql,1,
novel,1,
complex_data,1,
storytelling,1,
companys,1,
different,1,
employees,1,
versioning,1,
accountable,1,
see,1,
hold,1,
crossfunctionally,1,
integrate,1,
leaner,1,
larger,1,
7,1,
faster,1,
better,1,
usecases,1,
14,1,
losses,1,
winloss,1,
on_model,1,
drives,1,
systematically,1,
finding,1,
ownership,1,
nltk,1,
debugging,1,
organizational,1,
oriented,1,
boost,1,
outcomeoriented,1,
practicality,1,
sdlc,1,
segmentation,1,
intake,1,
coordinators,1,
foundation,1,
econometric,1,
validating,1,
providing,1,
quasiexperimental,1,
hypothesisdriven,1,
multiagent,1,
interactions,1,
shape,1,
theories,1,
chartio,1,
dynamics,1,
hugging,1,
regressions,1,
spacy,1,
broker,1,
metrics_model,1,
point,1,
carrier,1,
contact,1,
cohort,1,
wins,1,
beam,1,
physics,1,
running,1,
realities,1,
programme,1,
assumptions,1,
awareness,1,
alteryx,1,
informed,1,
conventional,1,
bureau,1,
wisdom,1,
adjusting_model,1,
thresholds,1,
leveraging,1,
flume,1,
alignment,1,
aiml,1,
prem,1,
domain,1,
first,1,
knowhow,1,
snowflakes,1,
maths,1,
access,1,
varying,1,
frontline,1,
question,1,
via,1,
builders,1,
programmer,1,
flink,1,
meet,1,
yrs,1,
launching,1,
multi,1,
object,1,
team_oriented,1,
golang,1,
engineer,1,
analyst,1,
ml_modeling,1,
jaxflax,1,
vertex,1,
consistent,1,
shipping,1,
groups,1,
38,1,
quantitative_modeling,1,
several,1,
accomplished,1,
synthesizing,1,
adaptable,1,
selfconfident,1,
regression_models,1,
attribution_models,1,
control,1,
complexities,1,
execute,1,
leaning,1,
velocity,1,
standing,1,
character.ais,1,
adtech,1,
databrickstensorflow,1,
worked,1,
extensively,1,
implementation,1,
datadriven,1,
curating,1,
ehr,1,
learningstatistical_modeling,1,
next,1,
parameters,1,
affect,1,
theoretical_models,1,
perl,1,
keenly,1,
users,1,
experiences,1,
helping,1,
routinely,1,
iterative,1,
incremental,1,
arrive,1,
ultimate,1,
steps,1,
turning,1,
biasvariance,1,
dataquality,1,
methodological,1,
limitations,1,
writes,1,
necessary,1,
scripts,1,
tsql,1,
usql,1,
kql,1,
constructs,1,
hypotheses,1,
controlled,1,
analyzes,1,
diverse,1,
initiatives,1,
ask,1,
considerations,1,
of_model,1,
maintenance,1,
stability,1,
develops,1,
operational_models,1,
run,1,
5,1,
leading,1,
chat,1,
media,1,
ugc,1,
choosing,1,
colleagues,1,
handle,1,
essence,1,
note,1,
presentation,1,
space,1,
ecommerce,1,
creativity,1,
accurate,1,
go,1,
wrong,1,
businessminded,1,
pain,1,
navigate,1,
structure,1,
0,1,
evaluating,1,
mlspecific,1,
tractable,1,
closely,1,
transformations,1,
building_customerfacing,1,
comprehensive,1,
svms,1,
boosted,1,
engagement_modeling,1,
optimizations,1,
scikit,1,
jax,1,
ensuring,1,
building_andor,1,
reallife,1,
visualizationreporting,1,
containers,1,
seldoncore,1,
cleansing,1,
reliable,1,
generally,1,
solvable,1,
prototyping,1,
building_testing,1,
balance,1,
real,1,
teaching,1,
adapting,1,
building_pipelines,1,
collection_model,1,
parameter,1,
django,1,
postgres,1,
robust,1,
dagster,1,
understanding_models,1,
representations,1,
ocr,1,
docx,1,
images,1,
pdfs,1,
optimized,1,
predictive_models,1,
inform,1,
inproduct,1,
retargeting,1,
tradeoff,1,
leakage,1,
standards,1,
probability,1,
values,1,
positive,1,
execution,1,
play,1,
intent,1,
return,1,
degreeprogram,1,
completion,1,
server,1,
cosmos,1,
data_quality,1,
checking,1,
authority,1,
individuals,1,
embodiment,1,
undergoing,1,
due,1,
advances,1,
participate,1,
fulltime,1,
mayseptember,1,
two,1,
computations,1,
scalable_systems,1,
functional,1,
emerging,1,
dask,1,
etcextensive,1,
cultural,1,
programmingmodeling,1,
risks,1,
doesnt,1,
building_web,1,
frontends,1,
jquery,1,
d3.js,1,
react,1,
spent,1,
partnering,1,
draw,1,
partner,1,
ideally,1,
effectiveness,1,
transforming,1,
measure,1,
exist,1,
furthering,1,
yet,1,
bias,1,
job,1,
done,1,
maximum,1,
efficiency,1,
tradeoffs,1,
speed,1,
year,1,
graduate,1,
students,1,
mathematics,1,
hard,1,
extracting,1,
aggregating,1,
attention,1,
best,1,
boosting,1,
autoregressive,1,
integrated,1,
moving,1,
average,1,
arima,1,
recurrent,1,
neutral,1,
rnn,1,
long,1,
shortterm,1,
memory,1,
lstm,1,
complete,1,
multitasks,1,
objectives,1,
understands_modeling,1,
crossvalidation,1,
regularization,1,
encoding,1,
assembling,1,
activation,1,
selects,1,
correct,1,
prepare,1,
the_model,1,
output,1,
significance,1,
kmeans,1,
logistic,1,
individual,1,
image,1,
patterns,1,
cause,1,
discover,1,
answer,1,
mathematically,1,
infer,1,
forwardlooking,1,
directions,1,
retrospective,1,
visualizing,1,
tabular,1,
combination,1,
bash,1,
refine,1,
produce,1,
demonstrating,1,
containerization,1,
bedrock,1,
lambda,1,
restful,1,
apis,1,
microservices,1,
frontend,1,
vue.js,1,
oracle,1,
understanding_modeling,1,
leverages,1,
precise,1,
verbal_communication,1,
documentation,1,
uncertainty,1,
san,1,
francisco,1,
york,1,
city,1,
summer,1,
2025,1,
midsized,1,
proteomic,1,
genomic,1,
forms,1,
detectionpattern,1,
cross,1,
augmentation,1,
warehousing,1,
reddit,1,
lake,1,
e,1,
g.,1,
interpreting,1,
biological,1,
translating,1,
intellectually,1,
internally,1,
externally,1,
candela,1,
periscope,1,
google,1,
chart,1,
hq,1,
either,1,
suit,1,
cplex,1,
masterslevel,1,
subject,1,
primitives,1,
generalizations,1,
algebra,1,
calculus,1,
agile,1,
devops,1,
delivery,1,
common,1,
sklearn,1,
mllib,1,
mlflow,1,
gurobi,1,
kubeflow,1,
optimization_modeling,1,
open,1,
program,1,
paper,1,
bag,1,
foundational,1,
evaluating_models,1,
solr,1,
age,1,
18,1,
authorized,1,
united,1,
states,1,
ggplot,1,
reinforcement,1,
abilities,1,
constructively,1,
chatgpt,1,
commercially,1,
budget,1,
agreed,1,
schedules,1,
engaging,1,
achieve,1,
editorial,1,
analysts,1,
graphic,1,
designers,1,
commercial,1,
collaboratively,1,
highperforming,1,
pretraining,1,
intelligence,1,
minimal,1,
supervision,1,
remaining,1,
teamfocused,1,
marketleading,1,
demonstrable,1,
prioritizing,1,
deeply,1,
peers,1,
full,1,
life,1,
cycle,1,
chatbots,1,
genai,1,
competence,1,
geospatial,1,
conducting,1,
demos,1,
record,1,
top,1,
conferences,1,
journals,1,
addition,1,
successful,1,
candidate,1,
possess,1,
characteristics,1,
motivated,1,
startuplike,1,
bsms,1,
autonomously,1,
navigating,1,
rigorous,1,
conclusions,1,
web_scraping,1,
bots,1,
streamlit,1,
political,1,
geophysical,1,
sciences,1,
methodologies,1,
such_models,1,
arcgis,1,
supported,1,
of_modelling,1,
class,1,
emphasis,1,
cleaningmanipulating,1,
usage,1,
cyber,1,
tech,1,
strengthen,1,
governance,1,
enhance,1,
bolster,1,
incorporate,1,
feedback,1,
patreon,1,
creators,1,
ython,1,
multidisciplinary,1,
superb,1,
adapt,1,
domains,1,
toolsets,1,
interfaces,1,
draganddrop,1,
hex,1,
market,1,
sqlbased,1,
ethic,1,
formal,1,
developer,1,
nba,1,
sports,1,
scanning,1,
vulnerability,1,
world,1,
visualisation,1,
defining,1,
kpisguardrail,1,
dashboarding,1,
derive,1,
etlelt,1,
sourcecontrolled,1,
dataoriented,1,
decision_making,1,
sigma,1,
and_modeling,1,
mongodb,1,
gen,1,
anova,1,
chisquare,1,
command,1,
bayes,1,
pr,1,
auroc,1,
collaborator,1,
thriving,1,
selflearner,1,
building_skills,1,
machinedeep,1,
tooling,1,
carot,1,
ides,1,
pythonr,1,
entertainment,1,
simultaneously,1,
major,1,
unblock,1,
grow,1,
dataforward,1,
articulating,1,
answers,1,
guide,1,
experienceinternships,1,
purpose,1,
computational,1,
ongoing,1,
contextswitch,1,
provide,1,
dispersed,1,
hacker,1,
obstacle,1,
involving,1,
still,1,
defined,1,
tight,1,
constraints,1,
rapid,1,
pragmatic,1,
accelerate,1,
progress,1,
magnify,1,
codebased,1,
deliverables,1,
theoretical,1,
grounding,1,
enthusiasm,1,
seniorlevel,1,
digital,1,
signal,1,
behavior,1,
uiux,1,
relates,1,
differenceindifference,1,
discontinuity,1,
deal,1,
effects,1,
panel,1,
inference_models,1,
success,1,
topics,1,
bayesian_modeling,1,
mix_models,1,
multitouch,1,
b2c,1,
remote,1,
basics,1,
operating_systems,1,
game,1,
unreal,1,
unity,1,
godot,1,
diffusion_models,1,
radiance,1,
gaussian,1,
splats,1,
computer_vision,1,
interpreted,1,
,,
